{
  "cv_r2_scores": [
    0.834075206809744,
    0.8477999103463543,
    0.8510984043188513,
    0.8235281227728346,
    0.778240281523513
  ],
  "cv_r2_mean": 0.8269483851542594,
  "cv_r2_std": 0.026279188227405843,
  "test_r2": 0.8513329442713093,
  "test_rmse": 18365.850535332767,
  "test_mape": 0.19001691542701618,
  "n_train": 1042,
  "n_test": 261
}